prompt,base,finetuned
"Giải thích LoRA là gì bằng ngôn ngữ đơn giản cho sinh viên mới học AI. Trả lời ngắn gọn, có ví dụ dễ hiểu.","LoRA là viết tắt của ""Low-Rank Adaptation"" và là một kỹ thuật có thể cải thiện hiệu suất của mô hình NLP (Natural Language Processing) bằng cách làm cho mô hình của bạn nhỏ hơn mà không mất đi nhiều thông tin quan trọng. LoRA hoạt động bằng cách gắn kết một số trọng số của mô hình lớn với một số trọ","LoRA là một phương pháp cải thiện mô hình NLP (Nghĩa là Ngôn ngữ máy tính) bằng cách gắn thêm một số số học vào các trọng số của mô hình. Ví dụ, trong trường hợp của mô hình GPT-2, LoRA gắn thêm một số học nhỏ vào các trọng số của nó. Điều này có nghĩa là rằng thay vì sử dụng toàn bộ trọng số của mô"
"So sánh LoRA và QLoRA theo 4 tiêu chí: cách hoạt động, VRAM, tốc độ train, và trường hợp nên sử dụng. Trình bày dạng bảng Markdown.","| Cấu trúc | LoRA | QLoRA |
| --- | --- | --- |
| Cách hoạt động | LoRA là một cách để tăng khả năng phân tích của mô hình NLU bằng cách bổ sung các biến đệm (bias) và các mô đun (modules) nhỏ, được gọi là ""LoRA layers"", vào mô hình NLU đã được huấn luyện. LoRA layers được trích xuất từ một mô hình ","| LoRA | QLoRA |
| --- | --- |
| **Cách hoạt động** | LoRA là một phương pháp cải tiến cho việc thêm độ tương đồng vào mô hình Transformer bằng cách sử dụng các filter nhỏ hơn để thay thế một số filter lớn. LoRA có thể được thêm vào bất kỳ mô hình Transformer nào và có thể được áp dụng cho cả train "
"Một nhóm muốn xây dựng chatbot hỏi đáp tài liệu nội bộ công ty. Họ nên dùng prompt engineering, RAG hay fine-tuning? Giải thích lựa chọn theo từng trường hợp.","Trong trường hợp này, tôi sẽ chọn phương pháp fine-tuning để xây dựng chatbot hỏi đáp tài liệu nội bộ công ty. Phương pháp fine-tuning là lựa chọn phù hợp hơn cả bởi vì nó cho phép nhóm tận dụng tối đa tiềm năng của chatbot bằng cách đào tạo nó trên dữ liệu có sẵn trong tài liệu nội bộ của công ty. ","Trong trường hợp này, tôi sẽ chọn sử dụng Fine-tuning. Fine-tuning là phương pháp tối ưu hóa cho các mô hình máy học để sử dụng cho các tác vụ cụ thể. Với việc xây dựng chatbot hỏi đáp tài liệu nội bộ công ty, tôi sẽ tập trung vào việc tối ưu hóa mô hình cho tác vụ này. Phương pháp này sẽ giúp tôi t"
"Hướng dẫn từng bước chuẩn bị dataset Alpaca format để fine-tune một mô hình ngôn ngữ. Bao gồm ví dụ JSON có instruction, input, output.","Bước 1: Chuẩn bị dữ liệu Alpaca format Đầu tiên, bạn cần chuẩn bị dữ liệu Alpaca format bằng cách tạo một tệp JSON và thêm các cặp instruction, input và output. Ví dụ sau là một tệp JSON được chuẩn bị để fine-tune mô hình: ```json { ""instruction"": ""Hãy viết một câu chuyện ngắn về một người bạn của b","Các bước chuẩn bị dataset Alpaca format bao gồm: 1. Tạo một danh sách các cặp dữ liệu (instruction, input, output) theo yêu cầu. Ví dụ: ```[{""instruction"": ""Nhân 2 số 3 và 4"", ""input"": """", ""output"": ""6""}, {""instruction"": ""Bình luận về tác phẩm này"", ""input"": ""Truyện ngắn của tôi"", ""output"": ""Tôi thí"
"Giải thích trade-off khi tăng LoRA rank từ r=8 lên r=16 và r=64. Nêu ảnh hưởng đến trainable parameters, VRAM, training time và chất lượng output.","Khi tăng rank của LoRA từ r=8 lên r=16 và r=64, các thông số sau sẽ bị ảnh hưởng:

1. Số lượng trainable parameters: LoRA là một kỹ thuật để tăng số lượng các parametrization mà mô hình có thể học được mà không tăng số lượng parametrization. Trong trường hợp này, rank của LoRA sẽ ảnh hưởng đến số lư","Trong trường hợp tăng rank của LoRA từ r=8 lên r=16 và r=64, trade-off sẽ ảnh hưởng đến các tham số trainable, VRAM, thời gian đào tạo và chất lượng đầu ra. 1. Tham số trainable: Tham số trainable sẽ tăng theo cấp số nhân với giá trị rank. Trong trường hợp tăng rank từ r=8 lên r=16 và r=64, số lượng"
